Workbook

Sheet Planilha1
A1: Paises | B1: África do Sul | C1: Alemanha | D1: Argentina | E1: Argélia | F1: Arábia Saudita | G1: Austrália | H1: Áustria | I1: Brasil | J1: Bélgica | K1: Bósnia e Herzegovina | L1: Cabo Verde | M1: Canadá | N1: Catar | O1: Colômbia | P1: Córeia do Sul | Q1: Costa do Marfim | R1: Croácia | S1: Curaçao | T1: Egito | U1: Equador | V1: Escócia | W1: Espanha | X1: Eua | Y1: França | Z1: Gana | AA1: Haiti | AB1: Holanda | AC1: Inglaterra | AD1: Iraque | AE1: Irã | AF1: Japão | AG1: Jordânia | AH1: Marrocos | AI1: México | AJ1: Noruega | AK1: Nova Zelândia | AL1: Panamá | AM1: Paraguai | AN1: Portugal | AO1: RD Congo | AP1: Republica Tcheca | AQ1: Senegal | AR1: Suécia | AS1: Suíça | AT1: Tunísia | AU1: Turquia | AV1: Uruguai | AW1: Uzbequistão
A2: Continente | B2: CAF | C2: UEFA | D2: CONMEBOL | E2: CAF | F2: AFC | G2: AFC | H2: UEFA | I2: CONMEBOL | J2: UEFA | K2: UEFA | L2: CAF | M2: CONCACAF | N2: AFC | O2: CONMEBOL | P2: AFC | Q2: CAF | R2: UEFA | S2: CONCACAF | T2: CAF | U2: CONMEBOL | V2: UEFA | W2: UEFA | X2: CONCACAF | Y2: UEFA | Z2: CAF | AA2: CONCACAF | AB2: UEFA | AC2: UEFA | AD2: AFC | AE2: AFC | AF2: AFC | AG2: AFC | AH2: CAF | AI2: CONCACAF | AJ2: UEFA | AK2: OFC | AL2: CONCACAF | AM2: CONMEBOL | AN2: UEFA | AO2: CAF | AP2: UEFA | AQ2: CAF | AR2: UEFA | AS2: UEFA | AT2: CAF | AU2: UEFA | AV2: CONMEBOL | AW2: AFC
A3: Assistência esperada (xA) | B3: {=_xlfn.XLOOKUP(A3:A39,'[1]África do Sul.xlsx'!$B$2:$B$38,'[1]África do Sul.xlsx'!$M$2:$M$38,0)} -> 0.95857143 | C3: 1.975 | D3: 1.8475 | E3: {=_xlfn.XLOOKUP(A3:A39,[1]Argélia.xlsx!$B$2:$B$37,[1]Argélia.xlsx!$M$2:$M$37,0)} -> 0.805 | F3: {=_xlfn.XLOOKUP(A3:A39,'[1]Arábia Saudita.xlsx'!$B$2:$B$32,'[1]Arábia Saudita.xlsx'!$J$2:$J$32,0)} -> 0 | G3: {=_xlfn.XLOOKUP(A3:A39,[1]Austrália.xlsx!$B$2:$B$38,[1]Austrália.xlsx!$M$2:$M$38,0)} -> 0.51 | H3: {=_xlfn.XLOOKUP(A3:A39,[1]Áustria.xlsx!$B$2:$B$38,[1]Áustria.xlsx!$M$2:$M$38,0)} -> 1.658 | I3: {=_xlfn.XLOOKUP(A3:A39,[1]Brasil.xlsx!$B$2:$B$38,[1]Brasil.xlsx!$M$2:$M$38,0)} -> 1.133 | J3: {=_xlfn.XLOOKUP(A3:A39,[1]Bélgica.xlsx!$B$2:$B$38,[1]Bélgica.xlsx!$M$2:$M$38,0)} -> 2.007 | K3: {=_xlfn.XLOOKUP(A3:A39,'[1]Bósnia e Herzegovina.xlsx'!$B$2:$B$38,'[1]Bósnia e Herzegovina.xlsx'!$L$2:$L$38,0)} -> 2.2 | L3: {=_xlfn.XLOOKUP(A3:A39,'[1]Cabo Verde.xlsx'!$B$2:$B$14,'[1]Cabo Verde.xlsx'!$L$2:$L$14,0)} -> 0 | M3: {=_xlfn.XLOOKUP(A3:A39,'[1]Canadá.xlsx'!$B$2:$B$38,'[1]Canadá.xlsx'!$M$2:$M$38,0)} -> 0.72 | N3: {=_xlfn.XLOOKUP(A3:A39,'[1]Catar.xlsx'!$B$2:$B$38,'[1]Catar.xlsx'!$K$2:$K$38,0)} -> 0.5975 | O3: {=_xlfn.XLOOKUP(A3:A39,'[1]Colômbia.xlsx'!$B$2:$B$38,'[1]Colômbia.xlsx'!$M$2:$M$38,0)} -> 1.151 | P3: {=_xlfn.XLOOKUP(A3:A39,'[1]Coreia do Sul.xlsx'!$B$2:$B$38,'[1]Coreia do Sul.xlsx'!$L$2:$L$38,0)} -> 0.625 | Q3: {=_xlfn.XLOOKUP(A3:A39,'[1]Costa do Marfim.xlsx'!$B$2:$B$38,'[1]Costa do Marfim.xlsx'!$L$2:$L$38,0)} -> 1.2428571 | R3: {=_xlfn.XLOOKUP(A3:A39,'[1]Croácia.xlsx'!$B$2:$B$38,'[1]Croácia.xlsx'!$M$2:$M$38,0)} -> 1.974 | S3: {=_xlfn.XLOOKUP(A3:A39,'[1]Curaçao.xlsx'!$B$2:$B$34,'[1]Curaçao.xlsx'!$M$2:$M$34,0)} -> 0 | T3: {=_xlfn.XLOOKUP(A3:A39,[1]Egito.xlsx!$B$2:$B$38,[1]Egito.xlsx!$M$2:$M$38,0)} -> 0.69111111 | U3: {=_xlfn.XLOOKUP(A3:A39,[1]Equador.xlsx!$B$2:$B$38,[1]Equador.xlsx!$M$2:$M$38,0)} -> 0.494 | V3: {=_xlfn.XLOOKUP(A3:A39,[1]Escócia.xlsx!$B$2:$B$38,[1]Escócia.xlsx!$M$2:$M$38,0)} -> 1.046 | W3: {=_xlfn.XLOOKUP(A3:A39,[1]Espanha.xlsx!$B$2:$B$38,[1]Espanha.xlsx!$M$2:$M$38,0)} -> 2.059 | X3: {=_xlfn.XLOOKUP(A3:A39,[1]EUA.xlsx!$B$2:$B$38,[1]EUA.xlsx!$L$2:$L$38,0)} -> 1.11125 | Y3: {=_xlfn.XLOOKUP(A3:A39,[1]França.xlsx!$B$2:$B$38,[1]França.xlsx!$M$2:$M$38,0)} -> 1.9366667 | Z3: {=_xlfn.XLOOKUP(A3:A39,[1]Gana.xlsx!$B$2:$B$38,[1]Gana.xlsx!$M$2:$M$38,0)} -> 0.3525 | AA3: {=_xlfn.XLOOKUP(A3:A39,[1]Haiti.xlsx!$B$2:$B$34,[1]Haiti.xlsx!$M$2:$M$34,0)} -> 0 | AB3: {=_xlfn.XLOOKUP(A3:A39,[1]Holanda.xlsx!$B$2:$B$38,[1]Holanda.xlsx!$M$2:$M$38,0)} -> 1.673 | AC3: {=_xlfn.XLOOKUP(A3:A39,[1]Inglaterra.xlsx!$B$2:$B$38,[1]Inglaterra.xlsx!$M$2:$M$38,0)} -> 1.595 | AD3: {=_xlfn.XLOOKUP(A3:A39,[1]Iraque.xlsx!$B$2:$B$37,[1]Iraque.xlsx!$M$2:$M$37,0)} -> 0.35 | AE3: {=_xlfn.XLOOKUP(A3:A39,[1]Irã.xlsx!$B$2:$B$37,[1]Irã.xlsx!$J$2:$J$37,0)} -> 1.06 | AF3: {=_xlfn.XLOOKUP(A3:A39,[1]Japão.xlsx!$B$2:$B$38,[1]Japão.xlsx!$L$2:$L$38,0)} -> 1.08125 | AG3: {=_xlfn.XLOOKUP(A3:A39,[1]Jordânia.xlsx!$B$2:$B$34,[1]Jordânia.xlsx!$M$2:$M$34,0)} -> 0 | AH3: {=_xlfn.XLOOKUP(A3:A39,[1]Marrocos.xlsx!$B$2:$B$38,[1]Marrocos.xlsx!$M$2:$M$38,0)} -> 0.99666667 | AI3: {=_xlfn.XLOOKUP(A3:A39,[1]México.xlsx!$B$2:$B$38,[1]México.xlsx!$M$2:$M$38,0)} -> 0.72111111 | AJ3: {=_xlfn.XLOOKUP(A3:A39,[1]Noruega.xlsx!$B$2:$B$38,[1]Noruega.xlsx!$M$2:$M$38,0)} -> 1.75 | AK3: {=_xlfn.XLOOKUP(A3:A39,'[1]Nova Zelândia.xlsx'!$B$2:$B$37,'[1]Nova Zelândia.xlsx'!$M$2:$M$37,0)} -> 0.58 | AL3: {=_xlfn.XLOOKUP(A3:A39,[1]Panamá.xlsx!$B$2:$B$37,[1]Panamá.xlsx!$M$2:$M$37,0)} -> 0.37666667 | AM3: {=_xlfn.XLOOKUP(A3:A39,[1]Paraguai.xlsx!$B$2:$B$38,[1]Paraguai.xlsx!$M$2:$M$38,0)} -> 0.57666667 | AN3: {=_xlfn.XLOOKUP(A3:A39,[1]Portugal.xlsx!$B$2:$B$38,[1]Portugal.xlsx!$M$2:$M$38,0)} -> 1.88 | AO3: {=_xlfn.XLOOKUP(A3:A39,'[1]RD Congo.xlsx'!$B$2:$B$38,'[1]RD Congo.xlsx'!$M$2:$M$38,0)} -> 1.0725 | AP3: {=_xlfn.XLOOKUP(A3:A39,'[1]República Tcheca.xlsx'!$B$2:$B$38,'[1]República Tcheca.xlsx'!$M$2:$M$38,0)} -> 1.3422222 | AQ3: {=_xlfn.XLOOKUP(A3:A39,[1]Senegal.xlsx!$B$2:$B$38,[1]Senegal.xlsx!$L$2:$L$38,0)} -> 1.14625 | AR3: {=_xlfn.XLOOKUP(A3:A39,[1]Suécia.xlsx!$B$2:$B$38,[1]Suécia.xlsx!$M$2:$M$38,0)} -> 0.947 | AS3: {=_xlfn.XLOOKUP(A3:A39,[1]Suíça.xlsx!$B$2:$B$37,[1]Suíça.xlsx!$M$2:$M$37,0)} -> 0.949 | AT3: {=_xlfn.XLOOKUP(A3:A39,[1]Tunísia.xlsx!$B$2:$B$38,[1]Tunísia.xlsx!$L$2:$L$38,0)} -> 0.882 | AU3: {=_xlfn.XLOOKUP(A3:A39,[1]Turquia.xlsx!$B$2:$B$38,[1]Turquia.xlsx!$M$2:$M$38,0)} -> 1.01 | AV3: {=_xlfn.XLOOKUP(A3:A39,[1]Uruguai.xlsx!$B$2:$B$38,[1]Uruguai.xlsx!$M$2:$M$38,0)} -> 0.926 | AW3: {=_xlfn.XLOOKUP(A3:A39,[1]Uzbequistão.xlsx!$B$2:$B$37,[1]Uzbequistão.xlsx!$L$2:$L$37,0)} -> 0.57
A4: Ataque | B4: 84 | C4: 99.4 | D4: 92.555556 | E4: 78.5 | F4: 81.857143 | G4: 52.8 | H4: 114.4 | I4: 66.9 | J4: 102.6 | K4: 12 | L4: 83.333333 | M4: 87.222222 | N4: 78.5 | O4: 77 | P4: 73.777778 | Q4: 82 | R4: 99.5 | S4: 71.1 | T4: 74.9 | U4: 89.6 | V4: 89.8 | W4: 128.8 | X4: 60.444444 | Y4: 80.9 | Z4: 83.6 | AA4: 65.5 | AB4: 99.8 | AC4: 112.9 | AD4: 60.333333 | AE4: 33.4 | AF4: 73 | AG4: 89.6 | AH4: 123.7 | AI4: 96.6 | AJ4: 74.8 | AK4: 54.9 | AL4: 56.7 | AM4: 52.1 | AN4: 107 | AO4: 80.888889 | AP4: 82 | AQ4: 86.555556 | AR4: 68.2 | AS4: 91.1 | AT4: 94.555556 | AU4: 87.2 | AV4: 94.7 | AW4: 71.444444
A5: Cartões amarelos | B5: 1.9 | C5: 1.5 | D5: 1.1111111 | E5: 1.9 | F5: 1 | G5: 1 | H5: 1.4 | I5: 1.4 | J5: 1.2 | K5: 1 | L5: 1.7777778 | M5: 2.3 | N5: 0.85714286 | O5: 0.9 | P5: 1 | Q5: 1 | R5: 1.2 | S5: 1.8 | T5: 1.5 | U5: 1.3 | V5: 1.4 | W5: 1 | X5: 1.5555556 | Y5: 1.8 | Z5: 1.3 | AA5: 1.8 | AB5: 0.6 | AC5: 1 | AD5: 1.5 | AE5: 1.5714286 | AF5: 1.4444444 | AG5: 1.2 | AH5: 1.5 | AI5: 2.3 | AJ5: 0.8 | AK5: 1.7 | AL5: 1.7 | AM5: 1.8 | AN5: 1.5 | AO5: 0.7 | AP5: 1.2 | AQ5: 2.1111111 | AR5: 2 | AS5: 0.6 | AT5: 1.7777778 | AU5: 2.2 | AV5: 2.2 | AW5: 0.55555556
A6: Cartões vermelhos | B6: 0.1 | C6: 0 | D6: 0.22222222 | E6: 0 | F6: 0.14285714 | G6: 0 | H6: 0.1 | I6: 0 | J6: 0 | K6: 0 | L6: 0.11111111 | M6: 0.44444444 | N6: 0.14285714 | O6: 0 | P6: 0 | Q6: 0 | R6: 0 | S6: 0 | T6: 0.2 | U6: 0.2 | V6: 0 | W6: 0 | X6: 0 | Y6: 0.2 | Z6: 0 | AA6: 0.2 | AB6: 0.1 | AC6: 0 | AD6: 0.4 | AE6: 0.14285714 | AF6: 0 | AG6: 0.1 | AH6: 0 | AI6: 0 | AJ6: 0 | AK6: 0 | AL6: 0 | AM6: 0.1 | AN6: 0.1 | AO6: 0 | AP6: 0 | AQ6: 0.11111111 | AR6: 0 | AS6: 0 | AT6: 0.11111111 | AU6: 0.1 | AV6: 0.1 | AW6: 0.22222222
A7: Chances perigosas criadas | B7: 2.6666667 | C7: 4.3 | D7: 3.4444444 | E7: 2.5 | F7: 1 | G7: 1.125 | H7: 3 | I7: 2.5 | J7: 3.6 | K7: 3 | L7: 0 | M7: 1.3 | N7: 2 | O7: 2.3 | P7: 1.375 | Q7: 3.7142857 | R7: 4.5 | S7: 2 | T7: 2.4444444 | U7: 1.3 | V7: 2.5 | W7: 5.9 | X7: 2.3333333 | Y7: 3.9 | Z7: 0.25 | AA7: 1.5 | AB7: 3.9 | AC7: 3.3 | AD7: 1.5 | AE7: 2 | AF7: 1.875 | AG7: 4 | AH7: 2.6666667 | AI7: 1.5555556 | AJ7: 4.2 | AK7: 1.8 | AL7: 2.5555556 | AM7: 1.4444444 | AN7: 3.7 | AO7: 2.2 | AP7: 2.7777778 | AQ7: 3.25 | AR7: 1.9 | AS7: 2.4 | AT7: 1.8 | AU7: 1.8 | AV7: 1.4 | AW7: 2
A8: Chutes bloqueados | B8: 3.5555556 | C8: 4.7 | D8: 3.2222222 | E8: 2.1 | F8: 2.8571429 | G8: 1.1 | H8: 1.9 | I8: 4.3 | J8: 6.4 | K8: 6 | L8: 3.3333333 | M8: 2.3 | N8: 1.5714286 | O8: 3.4 | P8: 2.6666667 | Q8: 4.3333333 | R8: 5.3 | S8: 3.3 | T8: 2.2 | U8: 2.4 | V8: 3 | W8: 5.9 | X8: 2.7777778 | Y8: 5.1 | Z8: 2.2 | AA8: 2.6666667 | AB8: 4.2 | AC8: 5.1 | AD8: 3.3 | AE8: 1 | AF8: 2.1111111 | AG8: 2.6666667 | AH8: 4 | AI8: 3.1 | AJ8: 5 | AK8: 3 | AL8: 2.2222222 | AM8: 2.4 | AN8: 4.6 | AO8: 3 | AP8: 4.3 | AQ8: 2.75 | AR8: 2.2 | AS8: 2.5 | AT8: 1.7777778 | AU8: 4.1 | AV8: 2.9 | AW8: 2.4
A9: Chutes dentro da área | B9: 7.5555556 | C9: 12.9 | D9: 7.7777778 | E9: 7.8333333 | F9: 8 | G9: 4.5 | H9: 9.6 | I9: 8.6 | J9: 14.4 | K9: 15 | L9: 0 | M9: 6.7 | N9: 5.5 | O9: 8.2 | P9: 5.875 | Q9: 10.857143 | R9: 14.9 | S9: 8.5 | T9: 5.7777778 | U9: 4.8 | V9: 9.2 | W9: 15.6 | X9: 7.8888889 | Y9: 12.3 | Z9: 4.5 | AA9: 5.5 | AB9: 11.4 | AC9: 11.5 | AD9: 5.3333333 | AE9: 4 | AF9: 8.75 | AG9: 7 | AH9: 9.4444444 | AI9: 5.2222222 | AJ9: 11.8 | AK9: 5.2 | AL9: 8.7777778 | AM9: 5.3333333 | AN9: 12.6 | AO9: 9 | AP9: 9.4444444 | AQ9: 10.125 | AR9: 7.9 | AS9: 6.6 | AT9: 5.8 | AU9: 7.3 | AV9: 6.5 | AW9: 4
A10: Chutes fora da área | B10: 6.8888889 | C10: 4.8 | D10: 4.7777778 | E10: 2.3333333 | F10: 7 | G10: 2.125 | H10: 2.7 | I10: 4.8 | J10: 6 | K10: 6 | L10: 0 | M10: 3.8 | N10: 2.5 | O10: 4.7 | P10: 2.5 | Q10: 4.5714286 | R10: 5.6 | S10: 4.375 | T10: 4.1111111 | U10: 4.5 | V10: 3.1 | W10: 5.2 | X10: 3.7777778 | Y10: 6.8 | Z10: 2 | AA10: 4.625 | AB10: 4.1 | AC10: 5.3 | AD10: 3.3333333 | AE10: 4 | AF10: 2.875 | AG10: 4 | AH10: 4.5555556 | AI10: 4.5555556 | AJ10: 3.7 | AK10: 4 | AL10: 3.8888889 | AM10: 3.6666667 | AN10: 6.9 | AO10: 5.2 | AP10: 4.4444444 | AQ10: 4.875 | AR10: 2.1 | AS10: 3.8 | AT10: 3.4 | AU10: 6 | AV10: 4.4 | AW10: 3
A11: Chutes no gol | B11: 4.7777778 | C11: 6.3 | D11: 5.5555556 | E11: 4.7 | F11: 2.7142857 | G11: 3.4 | H11: 6.2 | I11: 4.7 | J11: 7.6 | K11: 6 | L11: 4.1428571 | M11: 4.4 | N11: 3.4285714 | O11: 5.3 | P11: 2.7777778 | Q11: 4 | R11: 7.4 | S11: 4.5 | T11: 4.1 | U11: 3.2 | V11: 4.7 | W11: 8.6 | X11: 5.2222222 | Y11: 7.1 | Z11: 3.6666667 | AA11: 3.5 | AB11: 5.8 | AC11: 6.7 | AD11: 2.5 | AE11: 4.25 | AF11: 4.5555556 | AG11: 4.8 | AH11: 4.8 | AI11: 3.9 | AJ11: 5.3 | AK11: 3.4 | AL11: 4.6666667 | AM11: 3.7 | AN11: 6.5 | AO11: 3.5 | AP11: 4.7 | AQ11: 7.6666667 | AR11: 3.9 | AS11: 4.3 | AT11: 4.2222222 | AU11: 4.3 | AV11: 2.7 | AW11: 4.8
A12: Chutes para fora | B12: 6.1111111 | C12: 6.7 | D12: 3.7777778 | E12: 5.6 | F12: 4.5714286 | G12: 2.7 | H12: 4.2 | I12: 4.4 | J12: 6.4 | K12: 9 | L12: 5.4285714 | M12: 4.2 | N12: 5.1428571 | O12: 4.2 | P12: 3.3333333 | Q12: 5.4444444 | R12: 7.8 | S12: 3.9 | T12: 3.1 | U12: 3.7 | V12: 4.6 | W12: 6.3 | X12: 3.6666667 | Y12: 6.9 | Z12: 4 | AA12: 4 | AB12: 5.5 | AC12: 5.2 | AD12: 3.6 | AE12: 2.25 | AF12: 4.1111111 | AG12: 3.3 | AH12: 5.3 | AI12: 4.2 | AJ12: 5.2 | AK12: 3.1 | AL12: 5.7777778 | AM12: 2.9 | AN12: 8.4 | AO12: 6.375 | AP12: 5.5 | AQ12: 5 | AR12: 4.1 | AS12: 3.6 | AT12: 5.1111111 | AU12: 4.9 | AV12: 5.3 | AW12: 4.6
A13: Defesas do goleiro | B13: 1.5555556 | C13: 2 | D13: 2.2222222 | E13: 2.1428571 | F13: 1 | G13: 4 | H13: 1.4 | I13: 2.2 | J13: 1.7 | K13: 0 | L13: 0 | M13: 1.6 | N13: 2 | O13: 2 | P13: 2.625 | Q13: 2 | R13: 2.3 | S13: 2.875 | T13: 3.5555556 | U13: 2.5 | V13: 2.6 | W13: 1.9 | X13: 3.3333333 | Y13: 1.9 | Z13: 3 | AA13: 3.375 | AB13: 1.7 | AC13: 1.4 | AD13: 3.3333333 | AE13: 2 | AF13: 2.5 | AG13: 1 | AH13: 1.8888889 | AI13: 2.2222222 | AJ13: 1.8 | AK13: 4.6 | AL13: 2.1111111 | AM13: 2.3 | AN13: 2.1 | AO13: 2.2 | AP13: 2.7777778 | AQ13: 2.125 | AR13: 3.2 | AS13: 1.5 | AT13: 1.4 | AU13: 2.5 | AV13: 2.1 | AW13: 2
A14: Driblado | B14: 6.7777778 | C14: 8.5 | D14: 7.8888889 | E14: 10 | F14: 6.5 | G14: 8.875 | H14: 8.9 | I14: 9.1 | J14: 9.3 | K14: 7 | L14: 0 | M14: 7.3 | N14: 3 | O14: 7 | P14: 6.875 | Q14: 10.714286 | R14: 6.8 | S14: 5 | T14: 9 | U14: 8.4 | V14: 6.4 | W14: 5.9 | X14: 7.5555556 | Y14: 10.1 | Z14: 6.5 | AA14: 6.25 | AB14: 6.6 | AC14: 8 | AD14: 7.1666667 | AE14: 3 | AF14: 7.5 | AG14: 9 | AH14: 9.3333333 | AI14: 4.6666667 | AJ14: 8.7 | AK14: 6.8 | AL14: 6.4444444 | AM14: 5.6666667 | AN14: 8 | AO14: 8.2 | AP14: 5.7777778 | AQ14: 9.875 | AR14: 8 | AS14: 7.5 | AT14: 11.2 | AU14: 8 | AV14: 7.4 | AW14: 10
A15: Duelos ganhos | B15: 44.666667 | C15: 38.9 | D15: 39.888889 | E15: 47 | F15: 74 | G15: 43.875 | H15: 46.2 | I15: 47.6 | J15: 45.2 | K15: 50 | L15: 0 | M15: 49.7 | N15: 48.75 | O15: 43.1 | P15: 36.625 | Q15: 45.428571 | R15: 44.4 | S15: 46.5 | T15: 53.777778 | U15: 41.3 | V15: 46.9 | W15: 36.8 | X15: 38 | Y15: 46 | Z15: 40.25 | AA15: 38.25 | AB15: 41.4 | AC15: 41.3 | AD15: 49.166667 | AE15: 35 | AF15: 44.75 | AG15: 52 | AH15: 58 | AI15: 44.111111 | AJ15: 44.3 | AK15: 37.8 | AL15: 44.111111 | AM15: 51.333333 | AN15: 38.8 | AO15: 51 | AP15: 51.111111 | AQ15: 50.25 | AR15: 38.8 | AS15: 42.9 | AT15: 47 | AU15: 48.2 | AV15: 42 | AW15: 35
... A18: Faltas sofridas | B18: 15.333333 | C18: 8.9 | D18: 10.111111 | E18: 15.666667 | F18: 16 | G18: 11.875 | H18: 9.9 | I18: 13.2 | J18: 10.2 | K18: 11 | L18: 0 | M18: 15.6 | N18: 12.75 | O18: 12.7 | P18: 10 | Q18: 11 | R18: 10.2 | S18: 12.375 | T18: 13.222222 | U18: 10.9 | V18: 12 | W18: 8.1 | X18: 9.2222222 | Y18: 12.2 | Z18: 12.25 | AA18: 9.875 | AB18: 11.5 | AC18: 10.9 | AD18: 12.5 | AE18: 9 | AF18: 9.875 | AG18: 10 | AH18: 19.777778 | AI18: 14.333333 | AJ18: 11.3 | AK18: 10.2 | AL18: 11.777778 | AM18: 11.111111 | AN18: 10.1 | AO18: 12.4 | AP18: 9.3333333 | AQ18: 12.5 | AR18: 12 | AS18: 10.4 | AT18: 12.6 | AU18: 11.3 | AV18: 10.2 | AW18: 7
A19: Gol sofrido devido a erro individual | B19: 0 | C19: 0.25 | D19: 0 | E19: 0 | F19: 0 | G19: 0.5 | H19: 0 | I19: 0.5 | J19: 0.6 | K19: 0 | L19: 0 | M19: 0.66666667 | N19: 0.5 | O19: 0.66666667 | P19: 0.5 | Q19: 0.66666667 | R19: 0.25 | S19: 0 | T19: 0 | U19: 1 | V19: 0.25 | W19: 0 | X19: 0 | Y19: 0.5 | Z19: 1 | AA19: 0.5 | AB19: 0 | AC19: 0.5 | AD19: 0 | AE19: 0 | AF19: 0.33333333 | AG19: 0 | AH19: 0.5 | AI19: 0 | AJ19: 0.5 | AK19: 0 | AL19: 0 | AM19: 1 | AN19: 0.5 | AO19: 0.5 | AP19: 1 | AQ19: 0.16666667 | AR19: 0.75 | AS19: 0 | AT19: 1 | AU19: 0 | AV19: 0.5 | AW19: 0
A20: Gols esperados (xG) | B20: 1.1128571 | C20: 2.403 | D20: 1.5033333 | E20: 1.2316667 | F20: 0 | G20: 0.565 | H20: 2.065 | I20: 1.855 | J20: 2.634 | K20: 2.7 | L20: 0 | M20: 1.1088889 | N20: 0.7175 | O20: 1.511 | P20: 1.02 | Q20: 1.7842857 | R20: 2.818 | S20: 0 | T20: 0.87888889 | U20: 0.911 | V20: 1.439 | W20: 2.855 | X20: 1.2725 | Y20: 2.318 | Z20: 0.4425 | AA20: 0 | AB20: 2.095 | AC20: 2.249 | AD20: 0.64 | AE20: 1.17 | AF20: 1.3975 | AG20: 0 | AH20: 1.6388889 | AI20: 0.95888889 | AJ20: 2.161 | AK20: 0.838 | AL20: 0.40333333 | AM20: 0.98888889 | AN20: 2.67 | AO20: 1.6 | AP20: 1.8166667 | AQ20: 1.92875 | AR20: 1.292 | AS20: 1.279 | AT20: 0.986 | AU20: 1.392 | AV20: 1.046 | AW20: 0.73
A21: Gols esperados em chutes no alvo | B21: 1.3785714 | C21: 2.434 | D21: 1.8677778 | E21: 1.1833333 | F21: 0 | G21: 0.69125 | H21: 2.589 | I21: 1.779 | J21: 2.668 | K21: 1.1 | L21: 0 | M21: 1.1733333 | N21: 1.1725 | O21: 1.643 | P21: 1.19875 | Q21: 1.9228571 | R21: 2.811 | S21: 0 | T21: 0.96333333 | U21: 0.851 | V21: 1.477 | W21: 2.71 | X21: 2.15 | Y21: 2.544 | Z21: 0.4525 | AA21: 0 | AB21: 2.366 | AC21: 2.415 | AD21: 0.6675 | AE21: 1.16 | AF21: 1.3775 | AG21: 0 | AH21: 1.8411111 | AI21: 0.72111111 | AJ21: 2.323 | AK21: 1.324 | AL21: 0.48666667 | AM21: 1.08 | AN21: 2.481 | AO21: 1.645 | AP21: 1.7588889 | AQ21: 2.335 | AR21: 1.452 | AS21: 1.523 | AT21: 1.504 | AU21: 1.591 | AV21: 0.906 | AW21: 1.51
A22: Grandes chances perdidas | B22: 1.8888889 | C22: 2.6 | D22: 2.7142857 | E22: 2 | F22: 0 | G22: 0.66666667 | H22: 2.2 | I22: 1.375 | J22: 2.2857143 | K22: 2 | L22: 0 | M22: 0.75 | N22: 2 | O22: 1.2857143 | P22: 1 | Q22: 2.2857143 | R22: 2.4 | S22: 1.2857143 | T22: 1.75 | U22: 1.125 | V22: 1.5 | W22: 3.8 | X22: 1.5714286 | Y22: 2.4444444 | Z22: 0 | AA22: 0.75 | AB22: 2.1111111 | AC22: 2.1111111 | AD22: 0.66666667 | AE22: 1 | AF22: 1.5 | AG22: 2 | AH22: 1.7777778 | AI22: 1.4285714 | AJ22: 2 | AK22: 2 | AL22: 1.8888889 | AM22: 0.85714286 | AN22: 2.4444444 | AO22: 1.25 | AP22: 1.5555556 | AQ22: 2.8333333 | AR22: 1.3333333 | AS22: 1.2222222 | AT22: 1.3333333 | AU22: 0.88888889 | AV22: 1 | AW22: 1
A23: Impedimentos | B23: 1.8 | C23: 1.6 | D23: 3 | E23: 2 | F23: 1.5714286 | G23: 1.3 | H23: 1.9 | I23: 1.3 | J23: 1.3 | K23: 0 | L23: 1.4444444 | M23: 1.6 | N23: 1.2857143 | O23: 1.9 | P23: 1.4444444 | Q23: 0.88888889 | R23: 2.1 | S23: 1.6 | T23: 2.2 | U23: 1.4 | V23: 1.1 | W23: 2.2 | X23: 1.5555556 | Y23: 1.1 | Z23: 2.4 | AA23: 1 | AB23: 1.9 | AC23: 1.7 | AD23: 1 | AE23: 1.5714286 | AF23: 1.3333333 | AG23: 1.5 | AH23: 2 | AI23: 1.7 | AJ23: 1.2 | AK23: 1.5 | AL23: 1.7 | AM23: 1.5 | AN23: 2.1 | AO23: 2.5555556 | AP23: 2.4 | AQ23: 1.1111111 | AR23: 1.5 | AS23: 1.2 | AT23: 1.3333333 | AU23: 2 | AV23: 1.2 | AW23: 1.7777778
A24: Interceptações | B24: 6.1111111 | C24: 6.1 | D24: 9.2222222 | E24: 11.333333 | F24: 6 | G24: 8.875 | H24: 4.8 | I24: 7.1 | J24: 5.8 | K24: 9 | L24: 0 | M24: 8.2 | N24: 8 | O24: 8 | P24: 10.375 | Q24: 7.2857143 | R24: 7.2 | S24: 9.5 | T24: 9.2222222 | U24: 8 | V24: 7.3 | W24: 6.7 | X24: 6.8888889 | Y24: 7.6 | Z24: 13 | AA24: 7.5 | AB24: 6.8 | AC24: 6.1 | AD24: 6 | AE24: 11 | AF24: 11 | AG24: 8 | AH24: 7.2222222 | AI24: 6.3333333 | AJ24: 6.7 | AK24: 9 | AL24: 6.8888889 | AM24: 9.1111111 | AN24: 6.4 | AO24: 7.6 | AP24: 9.1111111 | AQ24: 7.375 | AR24: 10.2 | AS24: 7.3 | AT24: 6.8 | AU24: 8.6 | AV24: 7.6 | AW24: 6
A25: Laterais cobrados | B25: 18.3 | C25: 19.9 | D25: 13.222222 | E25: 16.6 | F25: 23.142857 | G25: 17.5 | H25: 21.3 | I25: 16.6 | J25: 19.3 | K25: 29 | L25: 15 | M25: 18.7 | N25: 18.428571 | O25: 22 | P25: 16.777778 | Q25: 16.777778 | R25: 17.7 | S25: 22.5 | T25: 20.3 | U25: 15.6 | V25: 17.3 | W25: 16.6 | X25: 16.444444 | Y25: 18.1 | Z25: 14.2 | AA25: 17.7 | AB25: 14.9 | AC25: 15.1 | AD25: 17.4 | AE25: 15.428571 | AF25: 14.888889 | AG25: 21.4 | AH25: 20.3 | AI25: 18.8 | AJ25: 17.8 | AK25: 20.9 | AL25: 16.7 | AM25: 19 | AN25: 17.4 | AO25: 21.333333 | AP25: 23 | AQ25: 16.888889 | AR25: 18.9 | AS25: 18.1 | AT25: 19.666667 | AU25: 17.6 | AV25: 15.5 | AW25: 17.333333
A26: Passes completos | B26: 440.55556 | C26: 577.1 | D26: 641.33333 | E26: 364.66667 | F26: 485 | G26: 282.25 | H26: 439.5 | I26: 459.3 | J26: 498.6 | K26: 447 | L26: 0 | M26: 266.5 | N26: 399 | O26: 441.5 | P26: 398.625 | Q26: 457 | R26: 485.6 | S26: 290.25 | T26: 354 | U26: 378.2 | V26: 395.4 | W26: 644.6 | X26: 425.22222 | Y26: 517.3 | Z26: 305.75 | AA26: 256.5 | AB26: 511.4 | AC26: 598.4 | AD26: 244 | AE26: 265 | AF26: 376 | AG26: 331 | AH26: 425.44444 | AI26: 401.55556 | AJ26: 456 | AK26: 299.2 | AL26: 344.77778 | AM26: 251.22222 | AN26: 564.8 | AO26: 329.8 | AP26: 322.33333 | AQ26: 457.875 | AR26: 372 | AS26: 497.9 | AT26: 350 | AU26: 416.4 | AV26: 412.3 | AW26: 263
A27: Passes decisivos | B27: 11.777778 | C27: 14.1 | D27: 10.111111 | E27: 8.3333333 | F27: 9 | G27: 4.625 | H27: 8.9 | I27: 10.4 | J27: 15.2 | K27: 16 | L27: 0 | M27: 7.4 | N27: 6.25 | O27: 9.8 | P27: 6.625 | Q27: 11 | R27: 16.4 | S27: 9.125 | T27: 7.5555556 | U27: 6.4 | V27: 9.9 | W27: 15.5 | X27: 9.5555556 | Y27: 15.1 | Z27: 4.5 | AA27: 5.875 | AB27: 12.6 | AC27: 13.3 | AD27: 6 | AE27: 7 | AF27: 10.375 | AG27: 7 | AH27: 9 | AI27: 7.3333333 | AJ27: 12.3 | AK27: 5.8 | AL27: 9 | AM27: 5.6666667 | AN27: 14.3 | AO27: 10.8 | AP27: 10.111111 | AQ27: 11.125 | AR27: 7.6 | AS27: 7.5 | AT27: 7 | AU27: 10.5 | AV27: 8.3 | AW27: 5
A28: Passes no campo adversário | B28: 283.88889 | C28: 394.4 | D28: 392.66667 | E28: 204 | F28: 344 | G28: 143.375 | H28: 333.5 | I28: 282.8 | J28: 391.7 | K28: 343 | L28: 0 | M28: 227 | N28: 221 | O28: 274.4 | P28: 224.25 | Q28: 277.42857 | R28: 365.1 | S28: 205.75 | T28: 214.55556 | U28: 206.3 | V28: 264.7 | W28: 460.2 | X28: 258.55556 | Y28: 392.6 | Z28: 145.75 | AA28: 170.5 | AB28: 388 | AC28: 445.4 | AD28: 175.83333 | AE28: 203 | AF28: 242.75 | AG28: 232 | AH28: 292.22222 | AI28: 238.33333 | AJ28: 304.2 | AK28: 190.8 | AL28: 235.88889 | AM28: 164.33333 | AN28: 426 | AO28: 242.8 | AP28: 272.33333 | AQ28: 311.25 | AR28: 267.4 | AS28: 288.6 | AT28: 242 | AU28: 271.1 | AV28: 259.3 | AW28: 172
A29: Passes no próprio campo | B29: 238.55556 | C29: 269.6 | D29: 317 | E29: 239.16667 | F29: 261 | G29: 214.625 | H29: 201.8 | I29: 250.9 | J29: 197.5 | K29: 210 | L29: 0 | M29: 126.5 | N29: 267.5 | O29: 249.4 | P29: 256.875 | Q29: 253 | R29: 209.7 | S29: 176.75 | T29: 227.55556 | U29: 251.3 | V29: 221.2 | W29: 261.8 | X29: 249 | Y29: 203.6 | Z29: 233.5 | AA29: 163 | AB29: 201.7 | AC29: 233 | AD29: 155.33333 | AE29: 182 | AF29: 215 | AG29: 177 | AH29: 222.55556 | AI29: 244.11111 | AJ29: 229.6 | AK29: 196.6 | AL29: 197.11111 | AM29: 177.77778 | AN29: 220.8 | AO29: 179.6 | AP29: 165.77778 | AQ29: 234.625 | AR29: 197.7 | AS29: 293 | AT29: 196.8 | AU29: 230.6 | AV29: 235 | AW29: 178
A30: Passes no último terço | B30: 99 | C30: 167.3 | D30: 152.33333 | E30: 68.166667 | F30: 120 | G30: 37.125 | H30: 120 | I30: 97.4 | J30: 182.1 | K30: 126 | L30: 0 | M30: 80 | N30: 54.75 | O30: 95.7 | P30: 71.375 | Q30: 88.285714 | R30: 156.5 | S30: 66.625 | T30: 72.111111 | U30: 61.8 | V30: 78.2 | W30: 193.5 | X30: 91.777778 | Y30: 175.6 | Z30: 33.25 | AA30: 57.25 | AB30: 160.4 | AC30: 181 | AD30: 49.5 | AE30: 39 | AF30: 80.375 | AG30: 54 | AH30: 108.11111 | AI30: 71.666667 | AJ30: 121.5 | AK30: 50.8 | AL30: 80.777778 | AM30: 41.444444 | AN30: 192 | AO30: 88.8 | AP30: 95.444444 | AQ30: 106.125 | AR30: 91.9 | AS30: 110 | AT30: 77 | AU30: 102 | AV30: 80.8 | AW30: 44
A31: Passes para trás | B31: 77.666667 | C31: 102.1 | D31: 118.33333 | E31: 68.833333 | F31: 71 | G31: 52.25 | H31: 80.8 | I31: 69.4 | J31: 91.6 | K31: 82 | L31: 0 | M31: 51.3 | N31: 82.5 | O31: 78.8 | P31: 86.375 | Q31: 86.571429 | R31: 81.9 | S31: 59.125 | T31: 61.555556 | U31: 70.7 | V31: 70.3 | W31: 128.3 | X31: 81.333333 | Y31: 93.8 | Z31: 65 | AA31: 50.375 | AB31: 92.2 | AC31: 105.2 | AD31: 48.833333 | AE31: 58 | AF31: 72.25 | AG31: 64 | AH31: 84.888889 | AI31: 71.222222 | AJ31: 84.2 | AK31: 61 | AL31: 56.444444 | AM31: 48.777778 | AN31: 105.9 | AO31: 58.4 | AP31: 59.111111 | AQ31: 84 | AR31: 73.8 | AS31: 98.5 | AT31: 64.4 | AU31: 75.7 | AV31: 74.7 | AW31: 41
... A39: xG sofridos (xGC) | B39: 0.88142857 | C39: 0.921 | D39: 0.70333333 | E39: 1.0533333 | F39: 0 | G39: 1.34 | H39: 0.774 | I39: 0.881 | J39: 0.738 | K39: 0.18 | L39: 0 | M39: 0.59555556 | N39: 1.05 | O39: 0.716 | P39: 1.48375 | Q39: 0.68857143 | R39: 0.854 | S39: 0 | T39: 0.85444444 | U39: 0.832 | V39: 1.291 | W39: 0.653 | X39: 0.92875 | Y39: 1.2 | Z39: 1.9225 | AA39: 0 | AB39: 0.693 | AC39: 0.604 | AD39: 0.935 | AE39: 1.29 | AF39: 0.82625 | AG39: 0 | AH39: 0.65222222 | AI39: 0.79222222 | AJ39: 0.723 | AK39: 1.368 | AL39: 1.0933333 | AM39: 1.2 | AN39: 0.95 | AO39: 0.8675 | AP39: 1.07 | AQ39: 0.7775 | AR39: 1.758 | AS39: 0.74 | AT39: 0.93 | AU39: 1.144 | AV39: 0.757 | AW39: 1.95

Sheet Planilha2
B1: assistencia esperada xa | C1: ataque | D1: cartoes amarelos | E1: cartoes vermelhos | F1: chances perigosas criadas | G1: chutes bloqueados | H1: chutes dentro da area | I1: chutes fora da area | J1: chutes no gol | K1: chutes para fora | L1: defesas do goleiro | M1: driblado | N1: duelos ganhos | O1: escanteios | P1: faltas | Q1: faltas sofridas | R1: gol sofrido devido a erro individual | S1: gols esperados xg | T1: gols esperados em chutes no alvo | U1: grandes chances perdidas | V1: impedimentos | W1: interceptacoes | X1: laterais cobrados | Y1: passes completos | Z1: passes decisivos | AA1: passes no campo adversario | AB1: passes no proprio campo | AC1: passes no ultimo terco | AD1: passes para tras | AE1: perigo afastado | AF1: posse de bola | AG1: posse de bola perdida | AH1: posse recuperada no terco final | AI1: tiros de meta | AJ1: total de chutes | AK1: trave | AL1: xg sofridos xgc
A2: assistencia esperada xa | B2: 1 | C2: 0.5 | D2: -0.23 | E2: -0.22 | F2: 0.77 | G2: 0.64 | H2: 0.8 | I2: 0.42 | J2: 0.77 | K2: 0.58 | L2: -0.16 | M2: 0.31 | N2: -0.03 | O2: 0.61 | P2: 0.01 | Q2: -0.08 | R2: 0.05 | S2: 0.96 | T2: 0.95 | U2: 0.73 | V2: 0.27 | W2: -0.11 | X2: -0.15 | Y2: 0.75 | Z2: 0.83 | AA2: 0.81 | AB2: 0.36 | AC2: 0.84 | AD2: 0.74 | AE2: -0.38 | AF2: 0.64 | AG2: -0.02 | AH2: 0.72 | AI2: -0.65 | AJ2: 0.78 | AK2: 0.59 | AL2: 0.14
A3: ataque | B3: 0.5 | C3: 1 | D3: -0.12 | E3: -0.1 | F3: 0.49 | G3: 0.53 | H3: 0.54 | I3: 0.3 | J3: 0.54 | K3: 0.56 | L3: -0.47 | M3: 0.21 | N3: 0.07 | O3: 0.59 | P3: -0.07 | Q3: 0.08 | R3: 0.01 | S3: 0.52 | T3: 0.47 | U3: 0.47 | V3: 0.29 | W3: -0.36 | X3: 0.03 | Y3: 0.58 | Z3: 0.49 | AA3: 0.62 | AB3: 0.22 | AC3: 0.64 | AD3: 0.57 | AE3: -0.42 | AF3: 0.65 | AG3: -0.14 | AH3: 0.44 | AI3: -0.5 | AJ3: 0.62 | AK3: 0.23 | AL3: -0.28
A4: cartoes amarelos | B4: -0.23 | C4: -0.12 | D4: 1 | E4: 0.23 | F4: -0.3 | G4: -0.17 | H4: -0.22 | I4: 0.02 | J4: -0.1 | K4: -0.04 | L4: 0.12 | M4: -0.09 | N4: -0.05 | O4: -0.08 | P4: 0.25 | Q4: 0.17 | R4: -0.02 | S4: -0.2 | T4: -0.24 | U4: -0.13 | V4: -0.17 | W4: 0.05 | X4: -0.01 | Y4: -0.29 | Z4: -0.16 | AA4: -0.24 | AB4: -0.28 | AC4: -0.22 | AD4: -0.28 | AE4: -0.12 | AF4: -0.17 | AG4: -0.07 | AH4: -0.07 | AI4: 0.16 | AJ4: -0.1 | AK4: -0.22 | AL4: -0.03
A5: cartoes vermelhos | B5: -0.22 | C5: -0.1 | D5: 0.23 | E5: 1 | F5: -0.21 | G5: -0.2 | H5: -0.32 | I5: 0.04 | J5: -0.19 | K5: -0.17 | L5: -0.04 | M5: 0.02 | N5: 0.06 | O5: -0.12 | P5: -0.09 | Q5: 0.04 | R5: -0.05 | S5: -0.25 | T5: -0.21 | U5: -0.21 | V5: -0.09 | W5: -0.14 | X5: -0.1 | Y5: -0.25 | Z5: -0.25 | AA5: -0.17 | AB5: -0.3 | AC5: -0.15 | AD5: -0.26 | AE5: 0.13 | AF5: -0.14 | AG5: 0.02 | AH5: -0.34 | AI5: 0.12 | AJ5: -0.2 | AK5: -0.29 | AL5: -0.12
A6: chances perigosas criadas | B6: 0.77 | C6: 0.49 | D6: -0.3 | E6: -0.21 | F6: 1 | G6: 0.67 | H6: 0.86 | I6: 0.48 | J6: 0.8 | K6: 0.54 | L6: -0.2 | M6: 0.35 | N6: 0.12 | O6: 0.57 | P6: 0.12 | Q6: -0.03 | R6: -0.19 | S6: 0.76 | T6: 0.73 | U6: 0.9 | V6: 0.17 | W6: -0.15 | X6: 0.03 | Y6: 0.73 | Z6: 0.83 | AA6: 0.8 | AB6: 0.34 | AC6: 0.78 | AD6: 0.72 | AE6: -0.2 | AF6: 0.54 | AG6: 0.05 | AH6: 0.57 | AI6: -0.47 | AJ6: 0.8 | AK6: 0.44 | AL6: -0.13
A7: chutes bloqueados | B7: 0.64 | C7: 0.53 | D7: -0.17 | E7: -0.2 | F7: 0.67 | G7: 1 | H7: 0.76 | I7: 0.58 | J7: 0.64 | K7: 0.67 | L7: -0.22 | M7: 0.14 | N7: -0.03 | O7: 0.74 | P7: -0.24 | Q7: -0.1 | R7: 0.01 | S7: 0.68 | T7: 0.6 | U7: 0.52 | V7: 0.09 | W7: -0.37 | X7: 0.03 | Y7: 0.56 | Z7: 0.76 | AA7: 0.66 | AB7: 0.09 | AC7: 0.75 | AD7: 0.5 | AE7: -0.45 | AF7: 0.59 | AG7: -0.16 | AH7: 0.47 | AI7: -0.57 | AJ7: 0.88 | AK7: 0.41 | AL7: -0.23
A8: chutes dentro da area | B8: 0.8 | C8: 0.54 | D8: -0.22 | E8: -0.32 | F8: 0.86 | G8: 0.76 | H8: 1 | I8: 0.58 | J8: 0.78 | K8: 0.68 | L8: -0.14 | M8: 0.37 | N8: 0.27 | O8: 0.72 | P8: 0.13 | Q8: 0.13 | R8: 0 | S8: 0.83 | T8: 0.76 | U8: 0.76 | V8: 0.14 | W8: -0.1 | X8: 0.1 | Y8: 0.77 | Z8: 0.95 | AA8: 0.87 | AB8: 0.35 | AC8: 0.89 | AD8: 0.73 | AE8: -0.2 | AF8: 0.57 | AG8: 0.19 | AH8: 0.69 | AI8: -0.52 | AJ8: 0.87 | AK8: 0.6 | AL8: -0.12
A9: chutes fora da area | B9: 0.42 | C9: 0.3 | D9: 0.02 | E9: 0.04 | F9: 0.48 | G9: 0.58 | H9: 0.58 | I9: 1 | J9: 0.39 | K9: 0.47 | L9: -0.1 | M9: 0.27 | N9: 0.46 | O9: 0.42 | P9: 0.12 | Q9: 0.33 | R9: -0.06 | S9: 0.43 | T9: 0.36 | U9: 0.38 | V9: 0.16 | W9: -0.1 | X9: 0.24 | Y9: 0.62 | Z9: 0.72 | AA9: 0.68 | AB9: 0.37 | AC9: 0.67 | AD9: 0.52 | AE9: 0.02 | AF9: 0.36 | AG9: 0.41 | AH9: 0.39 | AI9: -0.22 | AJ9: 0.57 | AK9: 0.22 | AL9: -0.25
A10: chutes no gol | B10: 0.77 | C10: 0.54 | D10: -0.1 | E10: -0.19 | F10: 0.8 | G10: 0.64 | H10: 0.78 | I10: 0.39 | J10: 1 | K10: 0.57 | L10: -0.29 | M10: 0.23 | N10: -0.09 | O10: 0.65 | P10: -0.07 | Q10: -0.15 | R10: -0.15 | S10: 0.77 | T10: 0.76 | U10: 0.77 | V10: 0.21 | W10: -0.24 | X10: -0.08 | Y10: 0.6 | Z10: 0.76 | AA10: 0.72 | AB10: 0.14 | AC10: 0.77 | AD10: 0.58 | AE10: -0.41 | AF10: 0.59 | AG10: -0.12 | AH10: 0.6 | AI10: -0.55 | AJ10: 0.85 | AK10: 0.42 | AL10: -0.09
A11: chutes para fora | B11: 0.58 | C11: 0.56 | D11: -0.04 | E11: -0.17 | F11: 0.54 | G11: 0.67 | H11: 0.68 | I11: 0.47 | J11: 0.57 | K11: 1 | L11: -0.37 | M11: 0.15 | N11: -0.04 | O11: 0.68 | P11: -0.15 | Q11: -0.02 | R11: 0.05 | S11: 0.6 | T11: 0.53 | U11: 0.48 | V11: 0.19 | W11: -0.39 | X11: 0.01 | Y11: 0.44 | Z11: 0.69 | AA11: 0.55 | AB11: 0.01 | AC11: 0.65 | AD11: 0.36 | AE11: -0.38 | AF11: 0.61 | AG11: -0.15 | AH11: 0.32 | AI11: -0.37 | AJ11: 0.84 | AK11: 0.46 | AL11: -0.09
A12: defesas do goleiro | B12: -0.16 | C12: -0.47 | D12: 0.12 | E12: -0.04 | F12: -0.2 | G12: -0.22 | H12: -0.14 | I12: -0.1 | J12: -0.29 | K12: -0.37 | L12: 1 | M12: 0.1 | N12: 0.1 | O12: -0.39 | P12: 0.22 | Q12: 0.14 | R12: 0.09 | S12: -0.14 | T12: -0.11 | U12: -0.07 | V12: 0.01 | W12: 0.55 | X12: 0.03 | Y12: -0.14 | Z12: -0.15 | AA12: -0.23 | AB12: 0.15 | AC12: -0.25 | AD12: -0.08 | AE12: 0.36 | AF12: -0.49 | AG12: 0.27 | AH12: -0.03 | AI12: 0.31 | AJ12: -0.33 | AK12: -0.2 | AL12: 0.44
A13: driblado | B13: 0.31 | C13: 0.21 | D13: -0.09 | E13: 0.02 | F13: 0.35 | G13: 0.14 | H13: 0.37 | I13: 0.27 | J13: 0.23 | K13: 0.15 | L13: 0.1 | M13: 1 | N13: 0.43 | O13: 0.18 | P13: 0.34 | Q13: 0.37 | R13: 0.2 | S13: 0.34 | T13: 0.4 | U13: 0.33 | V13: -0.06 | W13: 0.14 | X13: 0.1 | Y13: 0.4 | Z13: 0.35 | AA13: 0.36 | AB13: 0.38 | AC13: 0.33 | AD13: 0.35 | AE13: 0.1 | AF13: 0.02 | AG13: 0.32 | AH13: 0.17 | AI13: -0.04 | AJ13: 0.22 | AK13: -0.06 | AL13: 0.19
... A38: xg sofridos xgc | B38: 0.14 | C38: -0.28 | D38: -0.03 | E38: -0.12 | F38: -0.13 | G38: -0.23 | H38: -0.12 | I38: -0.25 | J38: -0.09 | K38: -0.09 | L38: 0.44 | M38: 0.19 | N38: -0.08 | O38: -0.09 | P38: 0.05 | Q38: 0.03 | R38: 0.23 | S38: 0.14 | T38: 0.23 | U38: -0.05 | V38: 0.13 | W38: 0.46 | X38: -0.22 | Y38: -0.05 | Z38: -0.1 | AA38: -0.11 | AB38: 0.17 | AC38: -0.15 | AD38: 0 | AE38: 0.2 | AF38: -0.26 | AG38: 0.14 | AH38: -0.01 | AI38: 0.09 | AJ38: -0.2 | AK38: 0.08 | AL38: 1
